Customer_Key,Customer_ID,Customer_Name,Gender,City,State
1,CUST54131,Arjun Chopra,Women,Lucknow,Uttar Pradesh
2,CUST35658,Harsh More,Kids,Pune,Maharashtra
3,CUST83969,Dev Verma,Home,Bengaluru,Karnataka
4,CUST88953,Sneha Malhotra,Kids,Kolkata,West Bengal
5,CUST73704,Neha Naik,Women,Kolkata,West Bengal
6,CUST13561,Kriti Rathore,Women,Kolkata,West Bengal
7,CUST18110,Harsh Shah,Beauty,Mumbai,Maharashtra
8,CUST28141,Simran Khan,Beauty,Jaipur,Rajasthan
9,CUST12693,Muskan Malhotra,Kids,Chennai,Tamil Nadu
10,CUST13748,Neha Sinha,Women,Ahmedabad,Gujarat
11,CUST95616,Shreya Nair,Men,Mumbai,Maharashtra
12,CUST22688,Rahul Gupta,Women,Mumbai,Maharashtra
13,CUST21411,Simran Reddy,Women,Indore,Madhya Pradesh
14,CUST26371,Dev Deshmukh,Home,Indore,Madhya Pradesh
15,CUST22183,Akash Mishra,Home,Ahmedabad,Gujarat
16,CUST48467,Dev Chauhan,Kids,Ahmedabad,Gujarat
17,CUST86213,Varun Oberoi,Kids,Indore,Madhya Pradesh
18,CUST66491,Sneha Sinha,Kids,Mumbai,Maharashtra
19,CUST44584,Ayush Deshmukh,Home,Bengaluru,Karnataka
20,CUST88069,Dev Pawar,Women,Hyderabad,Telangana
21,CUST97922,Rahul Bhatia,Men,Jaipur,Rajasthan
22,CUST63006,Kriti Sinha,Kids,Jaipur,Rajasthan
23,CUST83523,Simran Oberoi,Men,Chennai,Tamil Nadu
24,CUST76617,Priya Reddy,Women,Jaipur,Rajasthan
25,CUST83666,Yash Sinha,Kids,Bengaluru,Karnataka
26,CUST72752,Harsh Sinha,Women,Mumbai,Maharashtra
27,CUST98223,Ananya Deshmukh,Men,Nashik,Maharashtra
28,CUST96027,Tanvi More,Women,Bengaluru,Karnataka
29,CUST36092,Simran Deshmukh,Women,Jaipur,Rajasthan
30,CUST44911,Rohit Pawar,Women,Ahmedabad,Gujarat
31,CUST57280,Aarav Mishra,Kids,Nashik,Maharashtra
32,CUST21130,Nikhil Singh,Women,Delhi,Delhi
33,CUST82267,Arjun Tripathi,Men,Chennai,Tamil Nadu
34,CUST38295,Abhishek Shetty,Men,Jaipur,Rajasthan
35,CUST25485,Priya Iyer,Home,Delhi,Delhi
36,CUST43591,Dev Sharma,Men,Ahmedabad,Gujarat
37,CUST81726,Neha Sinha,Men,Bengaluru,Karnataka
38,CUST19337,Shreya Yadav,Women,Indore,Madhya Pradesh
39,CUST37532,Aditya Sharma,Men,Delhi,Delhi
40,CUST18415,Kriti Chopra,Kids,Pune,Maharashtra
41,CUST39189,Meera Naik,Women,Mumbai,Maharashtra
42,CUST63932,Meera Verma,Women,Bengaluru,Karnataka
43,CUST34285,Kavya More,Women,Pune,Maharashtra
44,CUST85745,Harsh Chatterjee,Women,Chennai,Tamil Nadu
45,CUST83477,Yash Chopra,Women,Mumbai,Maharashtra
46,CUST85697,Aditi Chauhan,Men,Kolkata,West Bengal
47,CUST91818,Harsh Desai,Women,Hyderabad,Telangana
48,CUST92558,Ayush Oberoi,Men,Mumbai,Maharashtra
49,CUST98869,Tanya Kulkarni,Kids,Kolkata,West Bengal
50,CUST36734,Shreya Jain,Women,Hyderabad,Telangana
51,CUST13812,Harsh Srivastava,Kids,Nashik,Maharashtra
52,CUST14324,Tanya Tripathi,Men,Lucknow,Uttar Pradesh
53,CUST16469,Aditya Sharma,Beauty,Kolkata,West Bengal
54,CUST57362,Tanvi Patel,Kids,Mumbai,Maharashtra
55,CUST93524,Naina Kulkarni,Men,Kolkata,West Bengal
56,CUST96740,Priya Roy,Men,Mumbai,Maharashtra
57,CUST81520,Riya Desai,Women,Jaipur,Rajasthan
58,CUST97487,Rahul Tripathi,Beauty,Bengaluru,Karnataka
59,CUST42265,Rohan Goyal,Beauty,Hyderabad,Telangana
60,CUST49666,Pooja Desai,Women,Kolkata,West Bengal
61,CUST27368,Kavya Mehta,Home,Hyderabad,Telangana
62,CUST54327,Ananya Srivastava,Home,Delhi,Delhi
63,CUST78244,Shreya Joshi,Men,Delhi,Delhi
64,CUST46368,Aditi Kapoor,Men,Delhi,Delhi
65,CUST56163,Rahul Bose,Men,Mumbai,Maharashtra
66,CUST12079,Isha Kulkarni,Men,Mumbai,Maharashtra
67,CUST58770,Aditya Srivastava,Women,Pune,Maharashtra
68,CUST41480,Arjun Patel,Women,Pune,Maharashtra
69,CUST96925,Aditi Patel,Kids,Kolkata,West Bengal
70,CUST86918,Dev Bhatt,Kids,Nashik,Maharashtra
71,CUST96143,Arjun Rathore,Women,Nashik,Maharashtra
72,CUST86908,Tanya Menon,Kids,Ahmedabad,Gujarat
73,CUST50809,Sneha Singh,Home,Delhi,Delhi
74,CUST71120,Isha Bose,Women,Ahmedabad,Gujarat
75,CUST99399,Tanvi Saxena,Men,Lucknow,Uttar Pradesh
76,CUST47904,Ananya Verma,Women,Lucknow,Uttar Pradesh
77,CUST79626,Sakshi Jain,Men,Bengaluru,Karnataka
78,CUST65761,Abhishek Goyal,Women,Kolkata,West Bengal
79,CUST21122,Kriti Mehta,Men,Chennai,Tamil Nadu
80,CUST67132,Priya Malhotra,Kids,Nashik,Maharashtra
81,CUST90765,Kavya Kamble,Kids,Kolkata,West Bengal
82,CUST22984,Meera Chopra,Men,Pune,Maharashtra
83,CUST50600,Kriti Rathore,Women,Mumbai,Maharashtra
84,CUST39757,Karan Srivastava,Kids,Jaipur,Rajasthan
85,CUST37376,Priya Shetty,Women,Hyderabad,Telangana
86,CUST34578,Abhishek Rawat,Men,Nashik,Maharashtra
87,CUST98801,Pooja Rawat,Men,Bengaluru,Karnataka
88,CUST13020,Mohit Yadav,Kids,Indore,Madhya Pradesh
89,CUST29623,Rohit Khan,Women,Jaipur,Rajasthan
90,CUST64302,Priya Kulkarni,Men,Delhi,Delhi
91,CUST82545,Simran Naik,Men,Indore,Madhya Pradesh
92,CUST55539,Rohit Sharma,Beauty,Pune,Maharashtra
93,CUST97266,Akash Desai,Kids,Hyderabad,Telangana
94,CUST78878,Nikhil Chauhan,Beauty,Jaipur,Rajasthan
95,CUST58901,Isha Mishra,Kids,Lucknow,Uttar Pradesh
96,CUST28639,Varun Agarwal,Women,Pune,Maharashtra
97,CUST10526,Mohit Shetty,Beauty,Pune,Maharashtra
98,CUST39759,Naina Sinha,Kids,Hyderabad,Telangana
99,CUST56167,Arjun Pandey,Women,Lucknow,Uttar Pradesh
100,CUST55004,Aarav Bhatia,Women,Delhi,Delhi
101,CUST67660,Shreya Patel,Women,Jaipur,Rajasthan
102,CUST93186,Rohit Srivastava,Kids,Jaipur,Rajasthan
103,CUST70315,Mansi Bansal,Men,Nashik,Maharashtra
104,CUST35963,Rahul Chauhan,Women,Indore,Madhya Pradesh
105,CUST55241,Yash Naik,Women,Jaipur,Rajasthan
106,CUST36916,Tanya Pawar,Women,Jaipur,Rajasthan
107,CUST23760,Karan Reddy,Beauty,Pune,Maharashtra
108,CUST89530,Riya Malhotra,Men,Nashik,Maharashtra
109,CUST60108,Aditya Pawar,Women,Bengaluru,Karnataka
110,CUST35611,Isha Singh,Men,Mumbai,Maharashtra
111,CUST89141,Mohit Chopra,Men,Pune,Maharashtra
112,CUST58320,Arjun Mehta,Kids,Bengaluru,Karnataka
113,CUST88916,Ananya Yadav,Beauty,Lucknow,Uttar Pradesh
114,CUST39165,Ayush Kamble,Women,Ahmedabad,Gujarat
115,CUST99152,Varun Kapoor,Beauty,Nashik,Maharashtra
116,CUST45631,Aditi Sharma,Women,Mumbai,Maharashtra
117,CUST36987,Vikram Bansal,Men,Bengaluru,Karnataka
118,CUST52652,Mohit Pandey,Men,Delhi,Delhi
119,CUST99022,Aditya Tiwari,Women,Jaipur,Rajasthan
120,CUST62249,Varun Gupta,Beauty,Kolkata,West Bengal
121,CUST91571,Aditya Rathore,Beauty,Lucknow,Uttar Pradesh
122,CUST67993,Dev Singh,Men,Pune,Maharashtra
123,CUST20756,Vikram Tiwari,Men,Delhi,Delhi
124,CUST63363,Mohit Singh,Women,Nashik,Maharashtra
125,CUST20754,Mansi Shah,Women,Jaipur,Rajasthan
126,CUST75061,Karan Bansal,Kids,Mumbai,Maharashtra
127,CUST46035,Dev Agarwal,Men,Bengaluru,Karnataka
128,CUST55033,Rohan Deshmukh,Women,Bengaluru,Karnataka
129,CUST73740,Rohan Dubey,Men,Pune,Maharashtra
130,CUST27347,Sahil More,Women,Delhi,Delhi
131,CUST81966,Kriti Chatterjee,Home,Indore,Madhya Pradesh
132,CUST80984,Neha Nair,Men,Pune,Maharashtra
133,CUST42371,Mohit Verma,Men,Indore,Madhya Pradesh
134,CUST70428,Rohit Kulkarni,Kids,Chennai,Tamil Nadu
135,CUST35121,Abhishek Thakur,Men,Delhi,Delhi
136,CUST59723,Rahul Desai,Women,Jaipur,Rajasthan
137,CUST73936,Ishita Chopra,Beauty,Lucknow,Uttar Pradesh
138,CUST58355,Isha More,Kids,Nashik,Maharashtra
139,CUST71063,Isha Gupta,Men,Hyderabad,Telangana
140,CUST95667,Varun Rawat,Men,Delhi,Delhi
141,CUST48714,Dev Rathore,Home,Indore,Madhya Pradesh
142,CUST53950,Arjun Naik,Home,Nashik,Maharashtra
143,CUST58908,Diya Deshmukh,Kids,Indore,Madhya Pradesh
144,CUST93986,Tanya Mehta,Home,Chennai,Tamil Nadu
145,CUST72946,Akash Chauhan,Beauty,Kolkata,West Bengal
146,CUST45851,Isha Das,Kids,Lucknow,Uttar Pradesh
147,CUST28313,Sneha Sharma,Women,Nashik,Maharashtra
148,CUST37766,Neha Bhatt,Kids,Chennai,Tamil Nadu
149,CUST15997,Karan Saxena,Women,Kolkata,West Bengal
150,CUST11651,Ayush Menon,Home,Delhi,Delhi
151,CUST24472,Mansi Shetty,Kids,Delhi,Delhi
152,CUST35122,Kavya Tiwari,Home,Lucknow,Uttar Pradesh
153,CUST12839,Aarav Chopra,Women,Bengaluru,Karnataka
154,CUST19557,Tanvi Srivastava,Men,Ahmedabad,Gujarat
155,CUST57299,Mohit Sinha,Men,Jaipur,Rajasthan
156,CUST28745,Sneha Singh,Men,Kolkata,West Bengal
157,CUST98553,Mansi Gupta,Men,Nashik,Maharashtra
158,CUST57945,Sneha Pawar,Home,Indore,Madhya Pradesh
159,CUST26994,Yash Shah,Kids,Nashik,Maharashtra
160,CUST49961,Naina Jain,Women,Hyderabad,Telangana
161,CUST16852,Neha Kapoor,Women,Jaipur,Rajasthan
162,CUST16971,Riya Khan,Men,Ahmedabad,Gujarat
163,CUST15906,Priya Patel,Home,Kolkata,West Bengal
164,CUST65426,Mansi Saxena,Women,Pune,Maharashtra
165,CUST40090,Rohan Kamble,Men,Nashik,Maharashtra
166,CUST55096,Kriti More,Beauty,Jaipur,Rajasthan
167,CUST84663,Ananya Goyal,Kids,Hyderabad,Telangana
168,CUST60100,Vikram Dubey,Kids,Chennai,Tamil Nadu
169,CUST82237,Simran Desai,Beauty,Pune,Maharashtra
170,CUST28351,Varun Saxena,Women,Lucknow,Uttar Pradesh
171,CUST14493,Pooja Dubey,Kids,Chennai,Tamil Nadu
172,CUST18259,Shreya Agarwal,Men,Delhi,Delhi
173,CUST59812,Varun Chopra,Women,Mumbai,Maharashtra
174,CUST16581,Riya Arora,Kids,Ahmedabad,Gujarat
175,CUST40795,Rohit Desai,Women,Delhi,Delhi
176,CUST14378,Simran Gupta,Kids,Chennai,Tamil Nadu
177,CUST27543,Manav Chauhan,Women,Nashik,Maharashtra
178,CUST43623,Riya More,Beauty,Jaipur,Rajasthan
179,CUST88279,Priya Mishra,Women,Nashik,Maharashtra
180,CUST34995,Aditya Deshmukh,Home,Kolkata,West Bengal
181,CUST84637,Ananya Pillai,Men,Ahmedabad,Gujarat
182,CUST38669,Yash Verma,Men,Hyderabad,Telangana
183,CUST27514,Simran Jain,Men,Mumbai,Maharashtra
184,CUST92279,Sakshi Gupta,Women,Indore,Madhya Pradesh
185,CUST50379,Harsh Deshmukh,Women,Indore,Madhya Pradesh
186,CUST27438,Rohan Sharma,Men,Mumbai,Maharashtra
187,CUST36417,Riya Deshmukh,Men,Lucknow,Uttar Pradesh
188,CUST30538,Kriti Kamble,Home,Jaipur,Rajasthan
189,CUST66882,Neha Naik,Men,Pune,Maharashtra
190,CUST36762,Diya Goyal,Men,Chennai,Tamil Nadu
191,CUST85774,Nikhil Joshi,Women,Jaipur,Rajasthan
192,CUST76418,Ayush Kapoor,Beauty,Lucknow,Uttar Pradesh
193,CUST65220,Dev Rathore,Women,Lucknow,Uttar Pradesh
194,CUST35518,Ananya Shetty,Home,Ahmedabad,Gujarat
195,CUST66622,Rohit Khan,Kids,Jaipur,Rajasthan
196,CUST18068,Arjun Rawat,Men,Nashik,Maharashtra
197,CUST97329,Muskan Mehta,Women,Delhi,Delhi
198,CUST78487,Muskan Shah,Women,Hyderabad,Telangana
199,CUST99400,Tanya Patel,Home,Bengaluru,Karnataka
200,CUST94227,Shreya Jain,Women,Delhi,Delhi
201,CUST37990,Sneha Malhotra,Men,Lucknow,Uttar Pradesh
202,CUST53148,Naina Chauhan,Men,Indore,Madhya Pradesh
203,CUST25372,Yash Yadav,Men,Jaipur,Rajasthan
204,CUST28971,Aarav Kulkarni,Home,Ahmedabad,Gujarat
205,CUST44773,Rahul Sharma,Women,Ahmedabad,Gujarat
206,CUST84083,Pooja Mehta,Women,Nashik,Maharashtra
207,CUST61813,Ayush Kulkarni,Beauty,Indore,Madhya Pradesh
208,CUST13866,Arjun Singh,Women,Indore,Madhya Pradesh
209,CUST60124,Isha Pandey,Men,Mumbai,Maharashtra
210,CUST41131,Ananya Chatterjee,Beauty,Kolkata,West Bengal
211,CUST87240,Kavya Nair,Men,Lucknow,Uttar Pradesh
212,CUST28990,Kavya Tiwari,Beauty,Indore,Madhya Pradesh
213,CUST37076,Akash Bhatt,Home,Ahmedabad,Gujarat
214,CUST82010,Pooja Yadav,Women,Nashik,Maharashtra
215,CUST40873,Aarav Tripathi,Women,Ahmedabad,Gujarat
216,CUST73069,Kavya Dubey,Women,Lucknow,Uttar Pradesh
217,CUST34532,Rohan Agarwal,Home,Hyderabad,Telangana
218,CUST50695,Aarav Patel,Kids,Bengaluru,Karnataka
219,CUST63521,Kriti Patel,Men,Mumbai,Maharashtra
220,CUST44681,Abhishek More,Women,Mumbai,Maharashtra
221,CUST99390,Ayush Naik,Men,Lucknow,Uttar Pradesh
222,CUST30954,Aarav Naik,Beauty,Pune,Maharashtra
223,CUST17415,Meera Patel,Women,Delhi,Delhi
224,CUST63459,Priya Malhotra,Beauty,Ahmedabad,Gujarat
225,CUST99272,Karan Goyal,Kids,Ahmedabad,Gujarat
226,CUST62874,Simran Rawat,Women,Lucknow,Uttar Pradesh
227,CUST30583,Akash Yadav,Kids,Hyderabad,Telangana
228,CUST52291,Mansi Agarwal,Kids,Ahmedabad,Gujarat
229,CUST34618,Ayush Rathore,Women,Nashik,Maharashtra
230,CUST49194,Diya Das,Women,Chennai,Tamil Nadu
231,CUST21889,Varun Pawar,Beauty,Delhi,Delhi
232,CUST33620,Vikram Sinha,Women,Lucknow,Uttar Pradesh
233,CUST91486,Sahil Pillai,Women,Bengaluru,Karnataka
234,CUST72875,Ayush Shah,Women,Kolkata,West Bengal
235,CUST98229,Priya Agarwal,Men,Chennai,Tamil Nadu
236,CUST29233,Dev Arora,Home,Ahmedabad,Gujarat
237,CUST65561,Yash Goyal,Women,Lucknow,Uttar Pradesh
238,CUST75618,Ishita Roy,Men,Pune,Maharashtra
239,CUST70686,Riya Shetty,Women,Hyderabad,Telangana
240,CUST11134,Mohit Gupta,Home,Lucknow,Uttar Pradesh
241,CUST76897,Priya Naik,Men,Lucknow,Uttar Pradesh
242,CUST53516,Rahul More,Women,Jaipur,Rajasthan
243,CUST59831,Tanvi Patel,Beauty,Kolkata,West Bengal
244,CUST17296,Mohit Khan,Beauty,Ahmedabad,Gujarat
245,CUST22356,Rohit Chopra,Men,Bengaluru,Karnataka
246,CUST76736,Riya Tiwari,Men,Jaipur,Rajasthan
247,CUST26322,Ananya Naik,Men,Nashik,Maharashtra
248,CUST54049,Tanvi Goyal,Women,Delhi,Delhi
249,CUST79166,Dev Malhotra,Women,Jaipur,Rajasthan
250,CUST18640,Tanya Bhatia,Kids,Lucknow,Uttar Pradesh
251,CUST68692,Ishita Patel,Women,Mumbai,Maharashtra
252,CUST52056,Yash Malhotra,Home,Mumbai,Maharashtra
253,CUST53949,Varun Bansal,Women,Ahmedabad,Gujarat
254,CUST12382,Meera Pillai,Women,Delhi,Delhi
255,CUST43665,Ishita Oberoi,Women,Delhi,Delhi
256,CUST54386,Yash Goyal,Men,Ahmedabad,Gujarat
257,CUST54516,Aarav Iyer,Women,Jaipur,Rajasthan
258,CUST14886,Akash Dubey,Men,Indore,Madhya Pradesh
259,CUST76458,Riya Saxena,Women,Nashik,Maharashtra
260,CUST39063,Pooja Arora,Beauty,Chennai,Tamil Nadu
261,CUST26103,Nikhil Nair,Beauty,Bengaluru,Karnataka
262,CUST47228,Aarav Goyal,Kids,Hyderabad,Telangana
263,CUST62656,Meera Mishra,Women,Lucknow,Uttar Pradesh
264,CUST94178,Riya Shah,Beauty,Ahmedabad,Gujarat
265,CUST24026,Rohit Chopra,Women,Bengaluru,Karnataka
266,CUST74575,Sahil Rathore,Men,Indore,Madhya Pradesh
267,CUST14627,Yash Chatterjee,Women,Pune,Maharashtra
268,CUST99049,Nikhil Menon,Beauty,Mumbai,Maharashtra
269,CUST52788,Ananya Mehta,Women,Kolkata,West Bengal
270,CUST44314,Rohit Pawar,Beauty,Chennai,Tamil Nadu
271,CUST36616,Muskan Bhatt,Men,Hyderabad,Telangana
272,CUST21349,Kavya Kapoor,Women,Kolkata,West Bengal
273,CUST55541,Neha Pawar,Home,Hyderabad,Telangana
274,CUST55991,Meera Mishra,Beauty,Jaipur,Rajasthan
275,CUST72790,Nikhil Nair,Beauty,Lucknow,Uttar Pradesh
276,CUST30789,Arjun Shah,Beauty,Mumbai,Maharashtra
277,CUST18597,Varun Yadav,Kids,Hyderabad,Telangana
278,CUST29800,Isha Arora,Beauty,Nashik,Maharashtra
279,CUST81386,Pooja Pandey,Women,Jaipur,Rajasthan
280,CUST84640,Akash Kulkarni,Beauty,Bengaluru,Karnataka
281,CUST88388,Dev Bose,Beauty,Bengaluru,Karnataka
282,CUST64200,Naina Jain,Beauty,Nashik,Maharashtra
283,CUST35068,Manav Bansal,Women,Lucknow,Uttar Pradesh
284,CUST71413,Ananya Gupta,Men,Mumbai,Maharashtra
285,CUST81762,Riya Jain,Women,Mumbai,Maharashtra
286,CUST71576,Karan Jain,Beauty,Kolkata,West Bengal
287,CUST79783,Mansi Rawat,Women,Jaipur,Rajasthan
288,CUST36177,Mansi Chopra,Kids,Pune,Maharashtra
289,CUST35464,Sneha Arora,Beauty,Mumbai,Maharashtra
290,CUST20377,Meera Chauhan,Women,Pune,Maharashtra
291,CUST34000,Abhishek Joshi,Beauty,Bengaluru,Karnataka
292,CUST51574,Mohit Dubey,Women,Jaipur,Rajasthan
293,CUST30884,Riya Deshmukh,Men,Mumbai,Maharashtra
294,CUST82045,Harsh Bhatia,Beauty,Hyderabad,Telangana
295,CUST34366,Manav Joshi,Beauty,Nashik,Maharashtra
296,CUST25086,Shreya Pawar,Kids,Delhi,Delhi
297,CUST71381,Mohit Menon,Women,Kolkata,West Bengal
298,CUST13558,Ishita Verma,Men,Jaipur,Rajasthan
299,CUST50317,Karan Malhotra,Women,Nashik,Maharashtra
300,CUST78207,Harsh Oberoi,Women,Chennai,Tamil Nadu
301,CUST93136,Tanvi Iyer,Kids,Delhi,Delhi
302,CUST88537,Kavya Nair,Home,Indore,Madhya Pradesh
303,CUST16782,Muskan Tiwari,Women,Kolkata,West Bengal
304,CUST55865,Mohit Nair,Men,Bengaluru,Karnataka
305,CUST74486,Priya Pillai,Beauty,Hyderabad,Telangana
306,CUST62003,Arjun Kapoor,Men,Lucknow,Uttar Pradesh
307,CUST22748,Abhishek Saxena,Men,Delhi,Delhi
308,CUST26428,Sahil Kapoor,Men,Hyderabad,Telangana
309,CUST73928,Karan Das,Kids,Hyderabad,Telangana
310,CUST87986,Kriti Pillai,Men,Bengaluru,Karnataka
311,CUST41831,Akash Khan,Women,Pune,Maharashtra
312,CUST58899,Simran Tiwari,Men,Mumbai,Maharashtra
313,CUST66997,Tanvi Desai,Home,Nashik,Maharashtra
314,CUST53169,Nikhil Roy,Kids,Bengaluru,Karnataka
315,CUST73477,Sneha Joshi,Women,Ahmedabad,Gujarat
316,CUST16135,Isha Tripathi,Men,Indore,Madhya Pradesh
317,CUST67823,Mohit Chauhan,Beauty,Kolkata,West Bengal
318,CUST40005,Diya Shetty,Women,Indore,Madhya Pradesh
319,CUST58924,Sakshi Roy,Men,Nashik,Maharashtra
320,CUST59052,Yash Goyal,Women,Ahmedabad,Gujarat
321,CUST57291,Riya Nair,Women,Mumbai,Maharashtra
322,CUST71269,Kriti Naik,Beauty,Nashik,Maharashtra
323,CUST22254,Meera Khan,Men,Lucknow,Uttar Pradesh
324,CUST93886,Priya Agarwal,Men,Delhi,Delhi
325,CUST46405,Kriti Shah,Kids,Indore,Madhya Pradesh
326,CUST67656,Manav Menon,Home,Jaipur,Rajasthan
327,CUST24414,Sahil Naik,Men,Nashik,Maharashtra
328,CUST41728,Simran Das,Women,Hyderabad,Telangana
329,CUST20310,Sahil Nair,Women,Mumbai,Maharashtra
330,CUST84286,Aarav Oberoi,Women,Lucknow,Uttar Pradesh
331,CUST83984,Tanvi Khan,Women,Hyderabad,Telangana
332,CUST77616,Akash Pandey,Women,Kolkata,West Bengal
333,CUST13956,Shreya Pillai,Women,Indore,Madhya Pradesh
334,CUST94101,Aditya Tripathi,Women,Mumbai,Maharashtra
335,CUST94694,Varun Dubey,Women,Indore,Madhya Pradesh
336,CUST21781,Tanvi Pandey,Women,Chennai,Tamil Nadu
337,CUST66652,Sakshi Jain,Men,Bengaluru,Karnataka
338,CUST36299,Diya Rathore,Men,Indore,Madhya Pradesh
339,CUST28610,Yash More,Men,Bengaluru,Karnataka
340,CUST50644,Sahil Desai,Men,Nashik,Maharashtra
341,CUST31650,Shreya Deshmukh,Men,Pune,Maharashtra
342,CUST65371,Manav Kamble,Home,Kolkata,West Bengal
343,CUST98603,Naina Dubey,Men,Bengaluru,Karnataka
344,CUST11375,Sahil Chatterjee,Home,Kolkata,West Bengal
345,CUST39320,Manav Mehta,Men,Indore,Madhya Pradesh
346,CUST71497,Abhishek Iyer,Women,Mumbai,Maharashtra
347,CUST55201,Arjun Tripathi,Men,Lucknow,Uttar Pradesh
348,CUST66344,Shreya Naik,Beauty,Mumbai,Maharashtra
349,CUST16191,Muskan Yadav,Men,Indore,Madhya Pradesh
350,CUST83870,Meera Iyer,Women,Ahmedabad,Gujarat
351,CUST55246,Yash Chauhan,Kids,Pune,Maharashtra
352,CUST42567,Meera Kulkarni,Home,Delhi,Delhi
353,CUST13084,Dev Mehta,Women,Bengaluru,Karnataka
354,CUST14239,Ishita Roy,Women,Hyderabad,Telangana
355,CUST91395,Dev Bhatt,Beauty,Hyderabad,Telangana
356,CUST74173,Rohit Agarwal,Beauty,Delhi,Delhi
357,CUST62949,Rahul Chopra,Men,Nashik,Maharashtra
358,CUST84694,Ishita Pillai,Men,Nashik,Maharashtra
359,CUST18802,Mohit Naik,Women,Lucknow,Uttar Pradesh
360,CUST96988,Mohit Menon,Women,Pune,Maharashtra
361,CUST15596,Diya Das,Home,Pune,Maharashtra
362,CUST24626,Akash Srivastava,Home,Mumbai,Maharashtra
363,CUST77087,Abhishek Naik,Men,Bengaluru,Karnataka
364,CUST45693,Sakshi Reddy,Beauty,Lucknow,Uttar Pradesh
365,CUST15583,Isha Agarwal,Women,Pune,Maharashtra
366,CUST51785,Tanya Khan,Women,Mumbai,Maharashtra
367,CUST72894,Priya Mehta,Women,Jaipur,Rajasthan
368,CUST51910,Rohan Arora,Women,Kolkata,West Bengal
369,CUST56040,Varun Chopra,Women,Pune,Maharashtra
370,CUST84219,Mohit Goyal,Men,Mumbai,Maharashtra
371,CUST97245,Nikhil Dubey,Women,Lucknow,Uttar Pradesh
372,CUST67233,Sakshi Jain,Women,Hyderabad,Telangana
373,CUST89737,Kavya Menon,Home,Jaipur,Rajasthan
374,CUST59768,Tanya Chatterjee,Women,Pune,Maharashtra
375,CUST26075,Sneha Chopra,Women,Delhi,Delhi
376,CUST77657,Rohan Bansal,Beauty,Delhi,Delhi
377,CUST39968,Karan Shah,Men,Mumbai,Maharashtra
378,CUST61272,Rahul Mishra,Men,Kolkata,West Bengal
379,CUST90409,Sahil Verma,Kids,Lucknow,Uttar Pradesh
380,CUST97347,Nikhil Chopra,Men,Nashik,Maharashtra
381,CUST47011,Sakshi Mishra,Women,Mumbai,Maharashtra
382,CUST35739,Aditya Menon,Men,Nashik,Maharashtra
383,CUST91149,Vikram Shah,Men,Jaipur,Rajasthan
384,CUST11996,Naina Tiwari,Women,Pune,Maharashtra
385,CUST27199,Varun Jain,Women,Kolkata,West Bengal
386,CUST76708,Ishita Reddy,Women,Chennai,Tamil Nadu
387,CUST53965,Ananya Chatterjee,Women,Jaipur,Rajasthan
388,CUST20492,Tanvi Joshi,Women,Indore,Madhya Pradesh
389,CUST94523,Ishita Patel,Men,Delhi,Delhi
390,CUST96840,Yash Arora,Kids,Jaipur,Rajasthan
391,CUST18646,Riya Nair,Men,Lucknow,Uttar Pradesh
392,CUST26692,Sakshi Chopra,Men,Delhi,Delhi
393,CUST84681,Kriti Pandey,Beauty,Mumbai,Maharashtra
394,CUST57801,Rohan Bose,Men,Bengaluru,Karnataka
395,CUST69935,Yash Sharma,Women,Pune,Maharashtra
396,CUST58867,Mansi Jain,Kids,Pune,Maharashtra
397,CUST66463,Kriti Iyer,Kids,Chennai,Tamil Nadu
398,CUST10877,Yash Shetty,Men,Mumbai,Maharashtra
399,CUST56762,Rohit Pillai,Kids,Jaipur,Rajasthan
400,CUST52292,Muskan Pandey,Women,Indore,Madhya Pradesh
401,CUST29177,Aarav Bhatia,Kids,Delhi,Delhi
402,CUST28646,Kriti Shah,Beauty,Chennai,Tamil Nadu
403,CUST50387,Naina Mehta,Women,Pune,Maharashtra
404,CUST54980,Naina Singh,Beauty,Indore,Madhya Pradesh
405,CUST90691,Manav Dubey,Women,Bengaluru,Karnataka
406,CUST89369,Naina Malhotra,Women,Bengaluru,Karnataka
407,CUST53827,Mohit More,Kids,Bengaluru,Karnataka
408,CUST23382,Rohit Naik,Men,Mumbai,Maharashtra
409,CUST38690,Priya More,Men,Delhi,Delhi
410,CUST91494,Arjun Bhatia,Women,Hyderabad,Telangana
411,CUST36128,Ananya Tripathi,Kids,Jaipur,Rajasthan
412,CUST61012,Riya Tiwari,Women,Delhi,Delhi
413,CUST44812,Ananya Yadav,Women,Chennai,Tamil Nadu
414,CUST81387,Sneha Tiwari,Men,Jaipur,Rajasthan
415,CUST17367,Arjun Iyer,Men,Pune,Maharashtra
416,CUST46931,Karan Tripathi,Women,Delhi,Delhi
417,CUST23419,Sakshi Verma,Women,Pune,Maharashtra
418,CUST18609,Mohit Mishra,Kids,Chennai,Tamil Nadu
419,CUST21267,Muskan Mehta,Home,Nashik,Maharashtra
420,CUST99080,Mohit Shah,Beauty,Lucknow,Uttar Pradesh
421,CUST87994,Akash Kulkarni,Beauty,Lucknow,Uttar Pradesh
422,CUST80601,Tanvi Dubey,Beauty,Bengaluru,Karnataka
423,CUST61742,Riya Pandey,Men,Lucknow,Uttar Pradesh
424,CUST29073,Mansi Agarwal,Men,Pune,Maharashtra
425,CUST83181,Sahil Reddy,Beauty,Delhi,Delhi
426,CUST94627,Abhishek Reddy,Women,Pune,Maharashtra
427,CUST67692,Ananya Shah,Men,Chennai,Tamil Nadu
428,CUST58291,Harsh Mishra,Men,Lucknow,Uttar Pradesh
429,CUST84308,Muskan Kapoor,Kids,Ahmedabad,Gujarat
430,CUST81356,Nikhil Sinha,Home,Indore,Madhya Pradesh
431,CUST92357,Yash More,Women,Lucknow,Uttar Pradesh
432,CUST54333,Yash Tiwari,Beauty,Chennai,Tamil Nadu
433,CUST80309,Rohan Oberoi,Kids,Delhi,Delhi
434,CUST22963,Neha Singh,Women,Nashik,Maharashtra
435,CUST43332,Rohan Pillai,Beauty,Jaipur,Rajasthan
436,CUST14141,Sakshi Malhotra,Kids,Delhi,Delhi
437,CUST76830,Kavya Verma,Home,Jaipur,Rajasthan
438,CUST95707,Karan Singh,Home,Jaipur,Rajasthan
439,CUST44808,Kavya Joshi,Men,Pune,Maharashtra
440,CUST83169,Karan Sinha,Men,Lucknow,Uttar Pradesh
441,CUST49390,Akash Chatterjee,Kids,Chennai,Tamil Nadu
442,CUST99743,Tanya Desai,Women,Jaipur,Rajasthan
443,CUST79603,Isha Srivastava,Men,Jaipur,Rajasthan
444,CUST33723,Shreya Menon,Men,Ahmedabad,Gujarat
445,CUST60227,Naina Sharma,Women,Jaipur,Rajasthan
446,CUST94664,Arjun Bhatia,Men,Jaipur,Rajasthan
447,CUST82255,Aditi Agarwal,Women,Chennai,Tamil Nadu
448,CUST47260,Akash Tripathi,Kids,Lucknow,Uttar Pradesh
449,CUST12147,Aditi Sinha,Women,Mumbai,Maharashtra
450,CUST16862,Akash Naik,Women,Indore,Madhya Pradesh
451,CUST84255,Arjun Tripathi,Women,Pune,Maharashtra
452,CUST75305,Sneha Pawar,Women,Jaipur,Rajasthan
453,CUST44550,Akash Bhatt,Women,Pune,Maharashtra
454,CUST59402,Kavya Rathore,Women,Hyderabad,Telangana
455,CUST68047,Isha Shetty,Home,Pune,Maharashtra
456,CUST67676,Muskan Bansal,Women,Nashik,Maharashtra
457,CUST23503,Harsh Kapoor,Women,Jaipur,Rajasthan
458,CUST38561,Sneha Khan,Beauty,Nashik,Maharashtra
459,CUST72119,Rohit Oberoi,Men,Lucknow,Uttar Pradesh
460,CUST57218,Akash Tripathi,Beauty,Bengaluru,Karnataka
461,CUST85761,Ananya Joshi,Home,Bengaluru,Karnataka
462,CUST12017,Nikhil Sharma,Women,Mumbai,Maharashtra
463,CUST75867,Varun Joshi,Women,Bengaluru,Karnataka
464,CUST57934,Ayush Chopra,Men,Kolkata,West Bengal
465,CUST35008,Aarav More,Men,Bengaluru,Karnataka
466,CUST11951,Muskan Shah,Women,Delhi,Delhi
467,CUST35020,Sneha Thakur,Beauty,Delhi,Delhi
468,CUST38251,Tanvi Tiwari,Women,Pune,Maharashtra
469,CUST13782,Arjun Yadav,Women,Hyderabad,Telangana
470,CUST41007,Abhishek Bhatt,Women,Kolkata,West Bengal
471,CUST52942,Kavya Chauhan,Women,Kolkata,West Bengal
472,CUST39059,Rohit Mehta,Men,Bengaluru,Karnataka
473,CUST84632,Tanya Sharma,Women,Pune,Maharashtra
474,CUST66799,Sakshi Sinha,Men,Chennai,Tamil Nadu
475,CUST69946,Shreya Joshi,Women,Nashik,Maharashtra
476,CUST35757,Priya Sharma,Beauty,Pune,Maharashtra
477,CUST28705,Mansi Mehta,Men,Kolkata,West Bengal
478,CUST30187,Abhishek Chauhan,Women,Hyderabad,Telangana
479,CUST29462,Mansi Yadav,Women,Bengaluru,Karnataka
480,CUST23163,Aditya Saxena,Men,Pune,Maharashtra
481,CUST89731,Riya Pillai,Women,Pune,Maharashtra
482,CUST23777,Aditi Shetty,Women,Indore,Madhya Pradesh
483,CUST88006,Rohit Tripathi,Women,Lucknow,Uttar Pradesh
484,CUST77359,Neha Singh,Beauty,Kolkata,West Bengal
485,CUST69055,Karan Deshmukh,Women,Chennai,Tamil Nadu
486,CUST61507,Aditya Agarwal,Women,Lucknow,Uttar Pradesh
487,CUST68759,Aarav Shetty,Kids,Bengaluru,Karnataka
488,CUST27207,Ananya Mehta,Kids,Mumbai,Maharashtra
489,CUST91335,Rahul Bose,Women,Delhi,Delhi
490,CUST66747,Vikram Agarwal,Men,Jaipur,Rajasthan
491,CUST36708,Rahul Reddy,Women,Jaipur,Rajasthan
492,CUST18789,Diya Bansal,Women,Nashik,Maharashtra
493,CUST48931,Shreya Thakur,Kids,Lucknow,Uttar Pradesh
494,CUST56936,Harsh Gupta,Women,Jaipur,Rajasthan
495,CUST73321,Arjun Bose,Men,Kolkata,West Bengal
496,CUST78371,Shreya Gupta,Beauty,Bengaluru,Karnataka
497,CUST38205,Rahul Kamble,Home,Mumbai,Maharashtra
498,CUST13985,Yash Singh,Women,Pune,Maharashtra
499,CUST96338,Vikram Pandey,Kids,Pune,Maharashtra
500,CUST22336,Ayush Roy,Men,Lucknow,Uttar Pradesh
501,CUST93683,Ayush Verma,Men,Chennai,Tamil Nadu
502,CUST97937,Arjun Srivastava,Home,Mumbai,Maharashtra
503,CUST15062,Rahul Goyal,Men,Pune,Maharashtra
504,CUST27733,Karan Rathore,Home,Jaipur,Rajasthan
505,CUST83664,Priya Joshi,Women,Mumbai,Maharashtra
506,CUST97700,Pooja Jain,Women,Delhi,Delhi
507,CUST64615,Mansi More,Women,Kolkata,West Bengal
508,CUST99922,Vikram Bhatia,Kids,Pune,Maharashtra
509,CUST15752,Priya Naik,Men,Indore,Madhya Pradesh
510,CUST25438,Mohit Oberoi,Men,Ahmedabad,Gujarat
511,CUST15574,Tanvi Nair,Kids,Mumbai,Maharashtra
512,CUST21586,Sakshi Kamble,Home,Ahmedabad,Gujarat
513,CUST17833,Tanya Reddy,Men,Pune,Maharashtra
514,CUST21345,Ananya Iyer,Women,Pune,Maharashtra
515,CUST52733,Varun Menon,Men,Chennai,Tamil Nadu
516,CUST47579,Nikhil Jain,Women,Hyderabad,Telangana
517,CUST71779,Dev Kamble,Beauty,Kolkata,West Bengal
518,CUST28895,Rohit Tripathi,Men,Hyderabad,Telangana
519,CUST59390,Meera Tiwari,Beauty,Mumbai,Maharashtra
520,CUST66866,Pooja Patel,Women,Delhi,Delhi
521,CUST54648,Isha Saxena,Women,Bengaluru,Karnataka
522,CUST44457,Yash Pawar,Women,Hyderabad,Telangana
523,CUST71716,Dev Deshmukh,Women,Hyderabad,Telangana
524,CUST71772,Isha Mehta,Women,Indore,Madhya Pradesh
525,CUST49710,Ananya Tripathi,Home,Mumbai,Maharashtra
526,CUST47941,Yash Kulkarni,Women,Hyderabad,Telangana
527,CUST40720,Karan Pandey,Women,Lucknow,Uttar Pradesh
528,CUST85677,Tanvi Sharma,Home,Hyderabad,Telangana
529,CUST50088,Riya Dubey,Women,Delhi,Delhi
530,CUST99506,Ishita Singh,Beauty,Ahmedabad,Gujarat
531,CUST92249,Mohit Jain,Beauty,Pune,Maharashtra
532,CUST45233,Rahul Bose,Men,Indore,Madhya Pradesh
533,CUST25248,Riya Pawar,Women,Nashik,Maharashtra
534,CUST19967,Rahul Reddy,Men,Bengaluru,Karnataka
535,CUST66176,Riya Naik,Men,Indore,Madhya Pradesh
536,CUST60621,Naina Rawat,Kids,Ahmedabad,Gujarat
537,CUST21595,Naina Roy,Women,Lucknow,Uttar Pradesh
538,CUST98220,Ananya Desai,Women,Chennai,Tamil Nadu
539,CUST24963,Kavya Joshi,Men,Kolkata,West Bengal
540,CUST96148,Nikhil Bansal,Home,Ahmedabad,Gujarat
541,CUST12810,Riya Reddy,Women,Indore,Madhya Pradesh
542,CUST63911,Riya Oberoi,Women,Nashik,Maharashtra
543,CUST31514,Shreya Yadav,Women,Indore,Madhya Pradesh
544,CUST17446,Simran Kapoor,Women,Mumbai,Maharashtra
545,CUST31686,Muskan Bose,Men,Jaipur,Rajasthan
546,CUST96590,Muskan Kulkarni,Men,Indore,Madhya Pradesh
547,CUST35651,Nikhil Naik,Women,Nashik,Maharashtra
548,CUST31534,Akash Kulkarni,Men,Mumbai,Maharashtra
549,CUST24728,Mohit Chopra,Beauty,Bengaluru,Karnataka
550,CUST78049,Naina Pillai,Women,Nashik,Maharashtra
551,CUST73295,Ayush Sharma,Men,Lucknow,Uttar Pradesh
552,CUST37213,Yash Mehta,Kids,Bengaluru,Karnataka
553,CUST91081,Riya Gupta,Women,Jaipur,Rajasthan
554,CUST19795,Abhishek Chauhan,Kids,Jaipur,Rajasthan
555,CUST90770,Pooja Verma,Men,Hyderabad,Telangana
556,CUST80429,Aditya Verma,Women,Nashik,Maharashtra
557,CUST55382,Ayush Bansal,Women,Chennai,Tamil Nadu
558,CUST77643,Vikram Bansal,Beauty,Kolkata,West Bengal
559,CUST14611,Harsh Naik,Kids,Chennai,Tamil Nadu
560,CUST71509,Harsh Verma,Women,Mumbai,Maharashtra
561,CUST47089,Dev Kapoor,Beauty,Lucknow,Uttar Pradesh
562,CUST99520,Yash Iyer,Women,Mumbai,Maharashtra
563,CUST77996,Vikram Singh,Home,Mumbai,Maharashtra
564,CUST42813,Naina Shetty,Men,Indore,Madhya Pradesh
565,CUST79180,Aarav Menon,Men,Hyderabad,Telangana
566,CUST83374,Vikram Shetty,Kids,Ahmedabad,Gujarat
567,CUST88467,Diya Chauhan,Women,Nashik,Maharashtra
568,CUST18080,Diya Tripathi,Home,Hyderabad,Telangana
569,CUST25831,Naina Roy,Women,Lucknow,Uttar Pradesh
570,CUST63024,Ayush Pawar,Kids,Hyderabad,Telangana
571,CUST89409,Sakshi Deshmukh,Women,Bengaluru,Karnataka
572,CUST12580,Tanvi Bhatt,Women,Lucknow,Uttar Pradesh
573,CUST75139,Tanya Mishra,Women,Indore,Madhya Pradesh
574,CUST50002,Naina Mehta,Men,Chennai,Tamil Nadu
575,CUST17338,Nikhil Yadav,Home,Mumbai,Maharashtra
576,CUST50077,Neha Mishra,Kids,Chennai,Tamil Nadu
577,CUST11502,Akash Chatterjee,Beauty,Bengaluru,Karnataka
578,CUST45518,Karan Chatterjee,Kids,Mumbai,Maharashtra
579,CUST17973,Abhishek Kulkarni,Men,Mumbai,Maharashtra
580,CUST95053,Muskan Reddy,Women,Mumbai,Maharashtra
581,CUST47271,Meera Saxena,Men,Ahmedabad,Gujarat
582,CUST28157,Isha Gupta,Beauty,Bengaluru,Karnataka
583,CUST27118,Ayush Agarwal,Men,Hyderabad,Telangana
584,CUST51340,Meera Oberoi,Women,Jaipur,Rajasthan
585,CUST37050,Rohan Saxena,Men,Kolkata,West Bengal
586,CUST18118,Tanvi Chatterjee,Men,Mumbai,Maharashtra
587,CUST64816,Mohit Shetty,Beauty,Nashik,Maharashtra
588,CUST73832,Karan Bhatia,Men,Ahmedabad,Gujarat
589,CUST60192,Sneha Bose,Women,Kolkata,West Bengal
590,CUST71142,Akash Chopra,Beauty,Chennai,Tamil Nadu
591,CUST19340,Kavya Verma,Beauty,Lucknow,Uttar Pradesh
592,CUST76540,Ishita Goyal,Women,Ahmedabad,Gujarat
593,CUST17399,Diya Nair,Home,Bengaluru,Karnataka
594,CUST96158,Isha Jain,Men,Kolkata,West Bengal
595,CUST36962,Sahil Shah,Beauty,Mumbai,Maharashtra
596,CUST95836,Sakshi Kulkarni,Women,Hyderabad,Telangana
597,CUST65107,Rohit Bansal,Women,Hyderabad,Telangana
598,CUST61999,Tanvi Kamble,Home,Indore,Madhya Pradesh
599,CUST57573,Shreya Patel,Women,Ahmedabad,Gujarat
600,CUST54472,Riya Das,Men,Lucknow,Uttar Pradesh
601,CUST18007,Muskan Rathore,Men,Nashik,Maharashtra
602,CUST67320,Sneha Reddy,Women,Bengaluru,Karnataka
603,CUST97710,Rahul Tiwari,Kids,Mumbai,Maharashtra
604,CUST98593,Varun Bhatia,Women,Pune,Maharashtra
605,CUST27573,Nikhil Sharma,Women,Nashik,Maharashtra
606,CUST38460,Simran Arora,Home,Ahmedabad,Gujarat
607,CUST76267,Sahil Pillai,Women,Chennai,Tamil Nadu
608,CUST33555,Dev Mehta,Women,Lucknow,Uttar Pradesh
609,CUST47743,Ayush Pillai,Women,Indore,Madhya Pradesh
610,CUST18524,Ananya Kamble,Women,Hyderabad,Telangana
611,CUST89702,Sakshi Deshmukh,Women,Hyderabad,Telangana
612,CUST44262,Rohan Rawat,Men,Nashik,Maharashtra
613,CUST10496,Harsh Arora,Men,Hyderabad,Telangana
614,CUST78422,Karan Tripathi,Women,Jaipur,Rajasthan
615,CUST82666,Vikram Rathore,Men,Indore,Madhya Pradesh
616,CUST49322,Mansi Patel,Women,Ahmedabad,Gujarat
617,CUST37843,Meera Naik,Kids,Hyderabad,Telangana
618,CUST43690,Vikram Dubey,Kids,Mumbai,Maharashtra
619,CUST37414,Mohit Yadav,Women,Chennai,Tamil Nadu
620,CUST92001,Yash Sharma,Women,Kolkata,West Bengal
621,CUST80690,Sneha Menon,Home,Jaipur,Rajasthan
622,CUST46163,Nikhil Verma,Men,Indore,Madhya Pradesh
623,CUST95973,Neha Bhatt,Men,Mumbai,Maharashtra
624,CUST28325,Karan Shetty,Beauty,Ahmedabad,Gujarat
625,CUST98810,Arjun Iyer,Women,Jaipur,Rajasthan
626,CUST26661,Abhishek Das,Women,Jaipur,Rajasthan
627,CUST27821,Mohit Chopra,Men,Pune,Maharashtra
628,CUST22380,Diya Goyal,Beauty,Bengaluru,Karnataka
629,CUST39362,Vikram Srivastava,Women,Hyderabad,Telangana
630,CUST53870,Aditya Shah,Women,Nashik,Maharashtra
631,CUST59492,Aarav Mehta,Women,Jaipur,Rajasthan
632,CUST48203,Sakshi Reddy,Men,Kolkata,West Bengal
633,CUST97840,Mansi Bansal,Men,Kolkata,West Bengal
634,CUST37659,Dev Bhatia,Women,Ahmedabad,Gujarat
635,CUST82216,Ananya Dubey,Women,Jaipur,Rajasthan
636,CUST93029,Priya Tripathi,Men,Ahmedabad,Gujarat
637,CUST52875,Rohit Rawat,Kids,Hyderabad,Telangana
638,CUST69567,Tanya Bhatia,Home,Mumbai,Maharashtra
639,CUST78232,Pooja Shetty,Women,Jaipur,Rajasthan
640,CUST21825,Dev Goyal,Beauty,Lucknow,Uttar Pradesh
641,CUST56638,Dev Saxena,Beauty,Nashik,Maharashtra
642,CUST38546,Mohit Saxena,Men,Nashik,Maharashtra
643,CUST68726,Rohan Desai,Women,Bengaluru,Karnataka
644,CUST71807,Ishita Chatterjee,Beauty,Kolkata,West Bengal
645,CUST93397,Tanvi Khan,Beauty,Ahmedabad,Gujarat
646,CUST29422,Abhishek Bhatia,Women,Indore,Madhya Pradesh
647,CUST15974,Ishita Tiwari,Women,Lucknow,Uttar Pradesh
648,CUST41589,Arjun Rawat,Women,Chennai,Tamil Nadu
649,CUST97235,Arjun Malhotra,Women,Jaipur,Rajasthan
650,CUST22771,Rohan Jain,Men,Lucknow,Uttar Pradesh
651,CUST38371,Neha Singh,Men,Bengaluru,Karnataka
652,CUST91462,Dev Mishra,Men,Mumbai,Maharashtra
653,CUST47018,Yash Shah,Beauty,Kolkata,West Bengal
654,CUST42844,Aarav Oberoi,Men,Kolkata,West Bengal
655,CUST55210,Varun Desai,Beauty,Jaipur,Rajasthan
656,CUST60949,Isha Iyer,Men,Nashik,Maharashtra
657,CUST55971,Meera Kulkarni,Men,Kolkata,West Bengal
658,CUST56104,Priya Mehta,Beauty,Chennai,Tamil Nadu
659,CUST19107,Aditi Bansal,Women,Jaipur,Rajasthan
660,CUST20510,Yash Srivastava,Women,Chennai,Tamil Nadu
661,CUST33259,Neha Menon,Beauty,Ahmedabad,Gujarat
662,CUST33880,Muskan Singh,Beauty,Lucknow,Uttar Pradesh
663,CUST81326,Aditi Bansal,Men,Ahmedabad,Gujarat
664,CUST10329,Karan Nair,Women,Jaipur,Rajasthan
665,CUST39802,Abhishek Tiwari,Home,Kolkata,West Bengal
666,CUST48015,Rahul Bose,Beauty,Jaipur,Rajasthan
667,CUST15239,Simran Arora,Women,Jaipur,Rajasthan
668,CUST69254,Rohan Pawar,Men,Nashik,Maharashtra
669,CUST50985,Isha Sharma,Women,Delhi,Delhi
670,CUST76446,Ananya Nair,Men,Indore,Madhya Pradesh
671,CUST27563,Nikhil Singh,Women,Bengaluru,Karnataka
672,CUST42875,Vikram Mishra,Men,Nashik,Maharashtra
673,CUST89012,Priya Chatterjee,Kids,Indore,Madhya Pradesh
674,CUST79831,Arjun Rathore,Men,Indore,Madhya Pradesh
675,CUST44433,Aditya Patel,Women,Lucknow,Uttar Pradesh
676,CUST23769,Priya Nair,Women,Nashik,Maharashtra
677,CUST60772,Neha Pandey,Women,Indore,Madhya Pradesh
678,CUST20355,Kriti Kulkarni,Men,Jaipur,Rajasthan
679,CUST72071,Rohan Jain,Kids,Jaipur,Rajasthan
680,CUST44948,Riya Bose,Women,Kolkata,West Bengal
681,CUST36325,Varun Oberoi,Women,Indore,Madhya Pradesh
682,CUST53372,Shreya Rawat,Women,Hyderabad,Telangana
683,CUST16929,Aditi Chatterjee,Men,Pune,Maharashtra
684,CUST28013,Rohan Saxena,Women,Kolkata,West Bengal
685,CUST76673,Pooja Goyal,Beauty,Bengaluru,Karnataka
686,CUST36819,Riya Roy,Home,Indore,Madhya Pradesh
687,CUST51037,Ishita Sharma,Women,Mumbai,Maharashtra
688,CUST52923,Muskan Thakur,Women,Jaipur,Rajasthan
689,CUST16021,Shreya Patel,Men,Chennai,Tamil Nadu
690,CUST23280,Riya Deshmukh,Women,Ahmedabad,Gujarat
691,CUST86025,Rohit Malhotra,Beauty,Hyderabad,Telangana
692,CUST55667,Ananya Das,Women,Lucknow,Uttar Pradesh
693,CUST50308,Pooja Desai,Kids,Jaipur,Rajasthan
694,CUST26292,Mansi Srivastava,Kids,Indore,Madhya Pradesh
695,CUST13216,Riya Pandey,Women,Mumbai,Maharashtra
696,CUST39782,Arjun Reddy,Men,Hyderabad,Telangana
697,CUST54348,Aditya Pillai,Women,Hyderabad,Telangana
698,CUST56105,Ananya Chopra,Kids,Mumbai,Maharashtra
699,CUST48294,Sneha Roy,Home,Lucknow,Uttar Pradesh
700,CUST82356,Aditi Saxena,Women,Hyderabad,Telangana
701,CUST63365,Priya Bhatt,Men,Chennai,Tamil Nadu
702,CUST96135,Rohan Naik,Men,Kolkata,West Bengal
703,CUST98678,Pooja Naik,Men,Mumbai,Maharashtra
704,CUST13338,Priya Agarwal,Kids,Pune,Maharashtra
705,CUST92970,Sneha Das,Men,Chennai,Tamil Nadu
706,CUST62576,Riya Malhotra,Men,Kolkata,West Bengal
707,CUST70522,Karan Kamble,Men,Hyderabad,Telangana
708,CUST16336,Neha Kulkarni,Women,Lucknow,Uttar Pradesh
709,CUST99779,Nikhil Rawat,Kids,Kolkata,West Bengal
710,CUST95615,Ishita Yadav,Men,Delhi,Delhi
711,CUST93402,Abhishek Rathore,Kids,Nashik,Maharashtra
712,CUST76266,Aarav Desai,Men,Nashik,Maharashtra
713,CUST57445,Kavya Iyer,Women,Lucknow,Uttar Pradesh
714,CUST46051,Riya Sharma,Men,Bengaluru,Karnataka
715,CUST61097,Ayush Shah,Beauty,Jaipur,Rajasthan
716,CUST74559,Tanya Arora,Beauty,Kolkata,West Bengal
717,CUST75020,Nikhil Goyal,Women,Delhi,Delhi
718,CUST10528,Ishita Deshmukh,Men,Lucknow,Uttar Pradesh
719,CUST32161,Rohan Pawar,Kids,Jaipur,Rajasthan
720,CUST74796,Aditya Roy,Men,Hyderabad,Telangana
721,CUST89322,Kavya Goyal,Women,Lucknow,Uttar Pradesh
722,CUST85287,Aarav Bhatia,Beauty,Kolkata,West Bengal
723,CUST12994,Dev Patel,Beauty,Chennai,Tamil Nadu
724,CUST50148,Ananya Yadav,Women,Jaipur,Rajasthan
725,CUST85675,Rohit More,Women,Lucknow,Uttar Pradesh
726,CUST52460,Tanya Oberoi,Men,Bengaluru,Karnataka
727,CUST55499,Meera Sinha,Men,Mumbai,Maharashtra
728,CUST96959,Akash Deshmukh,Home,Hyderabad,Telangana
729,CUST72583,Manav Gupta,Women,Bengaluru,Karnataka
730,CUST41346,Rohan Thakur,Home,Jaipur,Rajasthan
731,CUST80009,Neha Sharma,Kids,Chennai,Tamil Nadu
732,CUST95211,Rohit Bose,Men,Chennai,Tamil Nadu
733,CUST99521,Shreya Reddy,Men,Kolkata,West Bengal
734,CUST66354,Kriti Srivastava,Men,Indore,Madhya Pradesh
735,CUST33940,Diya Bhatt,Women,Nashik,Maharashtra
736,CUST82105,Mohit Sharma,Beauty,Mumbai,Maharashtra
737,CUST11379,Neha More,Beauty,Mumbai,Maharashtra
738,CUST11620,Nikhil Reddy,Men,Indore,Madhya Pradesh
739,CUST78476,Ayush Menon,Men,Bengaluru,Karnataka
740,CUST15738,Muskan Srivastava,Beauty,Nashik,Maharashtra
741,CUST91311,Meera Menon,Women,Kolkata,West Bengal
742,CUST73397,Ayush Naik,Home,Bengaluru,Karnataka
743,CUST27443,Pooja Desai,Women,Jaipur,Rajasthan
744,CUST83748,Abhishek Roy,Kids,Lucknow,Uttar Pradesh
745,CUST11408,Ayush Malhotra,Women,Delhi,Delhi
746,CUST83079,Riya Oberoi,Women,Bengaluru,Karnataka
747,CUST47170,Simran Goyal,Women,Hyderabad,Telangana
748,CUST77384,Dev Sinha,Beauty,Jaipur,Rajasthan
749,CUST30605,Varun Thakur,Kids,Bengaluru,Karnataka
750,CUST35475,Priya Thakur,Kids,Jaipur,Rajasthan
751,CUST28830,Kavya Chatterjee,Men,Mumbai,Maharashtra
752,CUST60278,Abhishek Joshi,Home,Pune,Maharashtra
753,CUST82328,Sneha Das,Women,Ahmedabad,Gujarat
754,CUST87975,Arjun Kamble,Women,Mumbai,Maharashtra
755,CUST88038,Muskan Mishra,Beauty,Delhi,Delhi
756,CUST19387,Rahul Bhatia,Women,Jaipur,Rajasthan
757,CUST92093,Diya Bansal,Women,Delhi,Delhi
758,CUST33437,Nikhil Singh,Beauty,Chennai,Tamil Nadu
759,CUST91638,Ananya Bhatt,Beauty,Ahmedabad,Gujarat
760,CUST49015,Ishita More,Women,Indore,Madhya Pradesh
761,CUST80097,Simran Das,Kids,Delhi,Delhi
762,CUST88653,Tanya Das,Men,Nashik,Maharashtra
763,CUST78860,Diya Gupta,Women,Hyderabad,Telangana
764,CUST24892,Pooja Joshi,Home,Delhi,Delhi
765,CUST72873,Rohit Deshmukh,Men,Kolkata,West Bengal
766,CUST87681,Aditya Joshi,Kids,Bengaluru,Karnataka
767,CUST55950,Mansi Singh,Women,Chennai,Tamil Nadu
768,CUST12466,Muskan Srivastava,Women,Hyderabad,Telangana
769,CUST87722,Aarav Arora,Beauty,Ahmedabad,Gujarat
770,CUST71477,Tanya Mehta,Women,Ahmedabad,Gujarat
771,CUST65904,Ananya Bhatt,Kids,Ahmedabad,Gujarat
772,CUST60808,Mohit Mishra,Home,Jaipur,Rajasthan
773,CUST17386,Shreya Chatterjee,Women,Hyderabad,Telangana
774,CUST57366,Kavya Chauhan,Beauty,Bengaluru,Karnataka
775,CUST38605,Rohit Mehta,Men,Kolkata,West Bengal
776,CUST30886,Mohit Naik,Home,Jaipur,Rajasthan
777,CUST31825,Priya Sinha,Women,Nashik,Maharashtra
778,CUST60637,Mohit Thakur,Men,Pune,Maharashtra
779,CUST73308,Naina Nair,Men,Delhi,Delhi
780,CUST53060,Naina Kulkarni,Women,Indore,Madhya Pradesh
781,CUST50725,Pooja Pawar,Men,Nashik,Maharashtra
782,CUST93749,Tanya Naik,Women,Pune,Maharashtra
783,CUST10064,Abhishek Chopra,Women,Nashik,Maharashtra
784,CUST20995,Nikhil Sinha,Home,Bengaluru,Karnataka
785,CUST64862,Simran Jain,Women,Kolkata,West Bengal
786,CUST41514,Aarav Jain,Men,Pune,Maharashtra
787,CUST31662,Kavya Shetty,Women,Chennai,Tamil Nadu
788,CUST16858,Vikram Jain,Beauty,Bengaluru,Karnataka
789,CUST28394,Akash Khan,Kids,Mumbai,Maharashtra
790,CUST85801,Kavya Naik,Women,Lucknow,Uttar Pradesh
791,CUST92979,Mohit Mishra,Men,Hyderabad,Telangana
792,CUST55406,Pooja Patel,Kids,Nashik,Maharashtra
793,CUST78149,Priya Rawat,Home,Kolkata,West Bengal
794,CUST69799,Karan Menon,Home,Mumbai,Maharashtra
795,CUST41821,Nikhil Singh,Women,Hyderabad,Telangana
796,CUST19117,Harsh Malhotra,Kids,Kolkata,West Bengal
797,CUST17038,Ishita Gupta,Men,Ahmedabad,Gujarat
798,CUST94335,Akash Saxena,Women,Indore,Madhya Pradesh
799,CUST75687,Isha Das,Beauty,Pune,Maharashtra
800,CUST26040,Mansi Bansal,Men,Pune,Maharashtra
801,CUST57836,Ayush Khan,Kids,Delhi,Delhi
802,CUST68282,Naina Goyal,Women,Ahmedabad,Gujarat
803,CUST40806,Neha Mehta,Home,Lucknow,Uttar Pradesh
804,CUST78774,Meera Srivastava,Beauty,Hyderabad,Telangana
805,CUST61986,Diya Patel,Men,Kolkata,West Bengal
806,CUST32578,Arjun Oberoi,Men,Mumbai,Maharashtra
807,CUST31563,Shreya Bhatt,Women,Pune,Maharashtra
808,CUST55291,Muskan Arora,Women,Mumbai,Maharashtra
809,CUST37195,Ayush Deshmukh,Beauty,Pune,Maharashtra
810,CUST27903,Mansi Mehta,Women,Mumbai,Maharashtra
811,CUST62442,Tanvi Bhatt,Women,Ahmedabad,Gujarat
812,CUST87192,Nikhil Oberoi,Beauty,Pune,Maharashtra
813,CUST62275,Manav Chauhan,Men,Indore,Madhya Pradesh
814,CUST30765,Abhishek Jain,Men,Delhi,Delhi
815,CUST49181,Aarav Sharma,Men,Mumbai,Maharashtra
816,CUST22454,Vikram Shah,Women,Delhi,Delhi
817,CUST34680,Arjun Jain,Beauty,Kolkata,West Bengal
818,CUST34241,Priya Mehta,Men,Mumbai,Maharashtra
819,CUST99711,Rohan Agarwal,Beauty,Delhi,Delhi
820,CUST59451,Sneha Chatterjee,Women,Kolkata,West Bengal
821,CUST57931,Ishita Jain,Home,Hyderabad,Telangana
822,CUST23698,Rohit Das,Men,Kolkata,West Bengal
823,CUST56489,Shreya Jain,Women,Nashik,Maharashtra
824,CUST10922,Ishita Arora,Women,Jaipur,Rajasthan
825,CUST94954,Karan Deshmukh,Women,Indore,Madhya Pradesh
826,CUST96479,Ayush More,Men,Ahmedabad,Gujarat
827,CUST21640,Rohit Chatterjee,Women,Kolkata,West Bengal
828,CUST69817,Abhishek Pandey,Women,Indore,Madhya Pradesh
829,CUST30096,Tanya Gupta,Women,Jaipur,Rajasthan
830,CUST92598,Nikhil Kulkarni,Men,Bengaluru,Karnataka
831,CUST84974,Riya Kamble,Women,Lucknow,Uttar Pradesh
832,CUST20002,Arjun Shah,Women,Ahmedabad,Gujarat
833,CUST60802,Tanya Kamble,Women,Chennai,Tamil Nadu
834,CUST91008,Karan Khan,Kids,Pune,Maharashtra
835,CUST82781,Aditi Joshi,Women,Kolkata,West Bengal
836,CUST30773,Mohit Singh,Women,Bengaluru,Karnataka
837,CUST77346,Akash Joshi,Beauty,Pune,Maharashtra
838,CUST70746,Aditi Mishra,Beauty,Hyderabad,Telangana
839,CUST92579,Nikhil Thakur,Men,Indore,Madhya Pradesh
840,CUST37476,Dev Rathore,Women,Delhi,Delhi
841,CUST48218,Aditi Reddy,Men,Chennai,Tamil Nadu
842,CUST56666,Sakshi Reddy,Beauty,Jaipur,Rajasthan
843,CUST15539,Naina Desai,Men,Lucknow,Uttar Pradesh
844,CUST56840,Kavya Bhatia,Women,Lucknow,Uttar Pradesh
845,CUST56698,Aarav Chatterjee,Women,Nashik,Maharashtra
846,CUST55206,Pooja Singh,Men,Hyderabad,Telangana
847,CUST66614,Vikram Tripathi,Women,Pune,Maharashtra
848,CUST49776,Kriti Pawar,Women,Indore,Madhya Pradesh
849,CUST82036,Shreya Das,Men,Delhi,Delhi
850,CUST61603,Harsh Deshmukh,Women,Mumbai,Maharashtra
851,CUST37617,Harsh Iyer,Men,Indore,Madhya Pradesh
852,CUST29523,Kavya Bansal,Kids,Nashik,Maharashtra
853,CUST18163,Sakshi Das,Kids,Nashik,Maharashtra
854,CUST90253,Manav Srivastava,Beauty,Bengaluru,Karnataka
855,CUST25065,Varun Pawar,Women,Pune,Maharashtra
856,CUST51576,Kriti Chauhan,Home,Bengaluru,Karnataka
857,CUST28366,Mansi Patel,Men,Delhi,Delhi
858,CUST62168,Nikhil Khan,Women,Jaipur,Rajasthan
859,CUST64235,Rahul Shetty,Kids,Jaipur,Rajasthan
860,CUST18631,Sakshi Sharma,Beauty,Indore,Madhya Pradesh
861,CUST75841,Kriti Oberoi,Kids,Chennai,Tamil Nadu
862,CUST81610,Aditya Desai,Women,Nashik,Maharashtra
863,CUST46244,Ishita Naik,Women,Nashik,Maharashtra
864,CUST84781,Priya Thakur,Home,Chennai,Tamil Nadu
865,CUST82134,Abhishek Iyer,Women,Indore,Madhya Pradesh
866,CUST71331,Yash Nair,Men,Pune,Maharashtra
867,CUST42309,Yash Deshmukh,Women,Kolkata,West Bengal
868,CUST60281,Tanya Bansal,Kids,Delhi,Delhi
869,CUST15362,Isha Tiwari,Kids,Lucknow,Uttar Pradesh
870,CUST72969,Aditi Menon,Men,Mumbai,Maharashtra
871,CUST24002,Tanvi Roy,Women,Nashik,Maharashtra
872,CUST48349,Akash Arora,Home,Jaipur,Rajasthan
873,CUST49979,Naina Tiwari,Women,Bengaluru,Karnataka
874,CUST34009,Aditya Chauhan,Men,Mumbai,Maharashtra
875,CUST53336,Aditya Yadav,Men,Kolkata,West Bengal
876,CUST72798,Rohit Desai,Beauty,Mumbai,Maharashtra
877,CUST17464,Ayush Pillai,Women,Chennai,Tamil Nadu
878,CUST33703,Karan Dubey,Women,Delhi,Delhi
879,CUST85667,Naina Agarwal,Women,Jaipur,Rajasthan
880,CUST66751,Meera Agarwal,Men,Ahmedabad,Gujarat
881,CUST98078,Karan Tiwari,Beauty,Jaipur,Rajasthan
882,CUST12379,Aditi Khan,Kids,Delhi,Delhi
883,CUST39945,Sneha Sharma,Home,Lucknow,Uttar Pradesh
884,CUST34996,Pooja Mishra,Women,Nashik,Maharashtra
885,CUST27441,Neha Iyer,Men,Jaipur,Rajasthan
886,CUST64610,Neha Reddy,Women,Delhi,Delhi
887,CUST38892,Akash Singh,Women,Bengaluru,Karnataka
888,CUST33453,Yash Goyal,Men,Indore,Madhya Pradesh
889,CUST50430,Sahil Malhotra,Women,Nashik,Maharashtra
890,CUST46534,Sahil Verma,Home,Mumbai,Maharashtra
891,CUST24751,Harsh Deshmukh,Men,Delhi,Delhi
892,CUST82652,Priya Das,Beauty,Chennai,Tamil Nadu
893,CUST30511,Isha Bhatia,Women,Mumbai,Maharashtra
894,CUST48785,Sneha Roy,Men,Ahmedabad,Gujarat
895,CUST16563,Arjun Tiwari,Men,Ahmedabad,Gujarat
896,CUST17504,Neha Kulkarni,Men,Lucknow,Uttar Pradesh
897,CUST88950,Ananya Gupta,Men,Ahmedabad,Gujarat
898,CUST77158,Mohit Dubey,Beauty,Nashik,Maharashtra
899,CUST23281,Aditya Das,Men,Nashik,Maharashtra
900,CUST14257,Ishita Yadav,Kids,Delhi,Delhi
901,CUST78582,Shreya Kulkarni,Home,Pune,Maharashtra
902,CUST69331,Meera Pawar,Women,Mumbai,Maharashtra
903,CUST37273,Yash Reddy,Men,Indore,Madhya Pradesh
904,CUST78783,Sakshi Mishra,Kids,Ahmedabad,Gujarat
905,CUST87223,Kavya Agarwal,Kids,Mumbai,Maharashtra
906,CUST83398,Tanya Yadav,Men,Kolkata,West Bengal
907,CUST40694,Mohit Tiwari,Beauty,Delhi,Delhi
908,CUST80631,Yash Joshi,Beauty,Jaipur,Rajasthan
909,CUST42780,Neha Mishra,Kids,Kolkata,West Bengal
910,CUST20306,Mohit Goyal,Home,Mumbai,Maharashtra
911,CUST75228,Rohit Naik,Men,Mumbai,Maharashtra
912,CUST37835,Aditi Dubey,Home,Jaipur,Rajasthan
913,CUST20965,Arjun Jain,Men,Bengaluru,Karnataka
914,CUST88872,Kavya Nair,Home,Indore,Madhya Pradesh
915,CUST52348,Mohit Pawar,Women,Ahmedabad,Gujarat
916,CUST86202,Dev Sharma,Men,Delhi,Delhi
917,CUST60388,Rohit Tiwari,Kids,Pune,Maharashtra
918,CUST27352,Karan Kamble,Kids,Pune,Maharashtra
919,CUST40340,Riya Naik,Men,Kolkata,West Bengal
920,CUST52734,Muskan Thakur,Women,Indore,Madhya Pradesh
921,CUST25489,Varun Goyal,Home,Hyderabad,Telangana
922,CUST88763,Simran Naik,Women,Indore,Madhya Pradesh
923,CUST96570,Nikhil Deshmukh,Kids,Chennai,Tamil Nadu
924,CUST92597,Tanya Gupta,Men,Chennai,Tamil Nadu
925,CUST77699,Rahul Kapoor,Women,Nashik,Maharashtra
926,CUST15280,Aarav Rawat,Beauty,Chennai,Tamil Nadu
927,CUST89632,Simran Pillai,Men,Bengaluru,Karnataka
928,CUST71102,Sneha Bansal,Home,Nashik,Maharashtra
929,CUST21154,Kavya Goyal,Men,Kolkata,West Bengal
930,CUST36234,Simran Pawar,Women,Kolkata,West Bengal
931,CUST85952,Isha Chauhan,Men,Indore,Madhya Pradesh
932,CUST11293,Sahil Bhatt,Women,Kolkata,West Bengal
933,CUST91113,Priya Patel,Men,Chennai,Tamil Nadu
934,CUST71572,Riya Kamble,Beauty,Jaipur,Rajasthan
935,CUST76640,Neha Patel,Women,Kolkata,West Bengal
936,CUST72126,Sakshi Pillai,Women,Chennai,Tamil Nadu
937,CUST68920,Dev Roy,Men,Mumbai,Maharashtra
938,CUST22303,Riya Patel,Men,Delhi,Delhi
939,CUST48892,Tanvi Chopra,Women,Chennai,Tamil Nadu
940,CUST42046,Harsh More,Women,Mumbai,Maharashtra
941,CUST29158,Rohit Oberoi,Men,Delhi,Delhi
942,CUST42252,Tanya Dubey,Home,Jaipur,Rajasthan
943,CUST65723,Priya Thakur,Women,Nashik,Maharashtra
944,CUST24012,Aditya Shetty,Kids,Jaipur,Rajasthan
945,CUST81388,Mohit Chatterjee,Home,Hyderabad,Telangana
946,CUST58086,Ishita Kulkarni,Home,Indore,Madhya Pradesh
947,CUST57969,Muskan Joshi,Beauty,Bengaluru,Karnataka
948,CUST27422,Kriti Malhotra,Women,Kolkata,West Bengal
949,CUST38357,Ayush Shetty,Beauty,Bengaluru,Karnataka
950,CUST64698,Shreya Bhatt,Men,Kolkata,West Bengal
951,CUST21844,Akash Rawat,Kids,Pune,Maharashtra
952,CUST58988,Ananya Shetty,Beauty,Indore,Madhya Pradesh
953,CUST79336,Manav Tripathi,Women,Indore,Madhya Pradesh
954,CUST68596,Vikram Iyer,Men,Jaipur,Rajasthan
955,CUST43922,Riya Shetty,Women,Pune,Maharashtra
956,CUST24396,Ananya Jain,Women,Hyderabad,Telangana
957,CUST44626,Akash Naik,Men,Kolkata,West Bengal
958,CUST75875,Arjun Singh,Beauty,Pune,Maharashtra
959,CUST17837,Harsh Khan,Kids,Chennai,Tamil Nadu
960,CUST98675,Nikhil Rawat,Beauty,Chennai,Tamil Nadu
961,CUST33550,Akash More,Women,Bengaluru,Karnataka
962,CUST77603,Ayush Saxena,Women,Hyderabad,Telangana
963,CUST37425,Naina Sharma,Men,Jaipur,Rajasthan
964,CUST84642,Kriti Gupta,Home,Delhi,Delhi
965,CUST88455,Ananya Pandey,Men,Ahmedabad,Gujarat
966,CUST31106,Meera Gupta,Women,Jaipur,Rajasthan
967,CUST93463,Harsh Chatterjee,Women,Mumbai,Maharashtra
968,CUST91443,Abhishek Reddy,Beauty,Kolkata,West Bengal
969,CUST79854,Manav Bhatia,Women,Nashik,Maharashtra
970,CUST31951,Yash Kulkarni,Women,Delhi,Delhi
971,CUST17804,Dev Pawar,Home,Indore,Madhya Pradesh
972,CUST68914,Karan Khan,Kids,Mumbai,Maharashtra
973,CUST85885,Meera Das,Men,Chennai,Tamil Nadu
974,CUST57177,Simran Mehta,Kids,Delhi,Delhi
975,CUST72002,Sneha Pandey,Women,Hyderabad,Telangana
976,CUST70886,Dev Chopra,Men,Ahmedabad,Gujarat
977,CUST52553,Neha Menon,Women,Kolkata,West Bengal
978,CUST22941,Rahul Pandey,Men,Ahmedabad,Gujarat
979,CUST20977,Muskan Sinha,Men,Bengaluru,Karnataka
980,CUST30243,Kriti Oberoi,Women,Pune,Maharashtra
981,CUST11476,Abhishek Mishra,Beauty,Lucknow,Uttar Pradesh
982,CUST81895,Harsh Khan,Men,Delhi,Delhi
983,CUST98627,Ayush Kapoor,Kids,Chennai,Tamil Nadu
984,CUST70021,Harsh Kamble,Women,Indore,Madhya Pradesh
985,CUST56982,Ananya Khan,Home,Jaipur,Rajasthan
986,CUST79110,Naina Naik,Men,Nashik,Maharashtra
987,CUST93040,Yash Naik,Beauty,Kolkata,West Bengal
988,CUST42264,Manav Menon,Women,Delhi,Delhi
989,CUST53401,Abhishek Sharma,Women,Indore,Madhya Pradesh
990,CUST70040,Tanya Rawat,Men,Chennai,Tamil Nadu
991,CUST48973,Ananya Tiwari,Women,Nashik,Maharashtra
992,CUST64699,Karan Iyer,Men,Kolkata,West Bengal
993,CUST65175,Neha Reddy,Kids,Hyderabad,Telangana
994,CUST47677,Ishita Iyer,Women,Kolkata,West Bengal